OrderID,OrderDate,CustomerID,ShipName,Test
10248,04/07/1996 00:00:00,WILMK,Vins et alcools Chevalier,32.3800
10249,05/07/1996 00:00:00,TRADH,Toms Spezialitäten,11.6100
10250,08/07/1996 00:00:00,HANAR,Hanari Carnes,65.8300
10251,08/07/1996 00:00:00,VICTE,Victuailles en stock,41.3400
10252,09/07/1996 00:00:00,SUPRD,Suprêmes délices,51.3000
10253,10/07/1996 00:00:00,HANAR,Hanari Carnes,58.1700
10254,11/07/1996 00:00:00,CHOPS,Chop-suey Chinese,22.9800
10255,12/07/1996 00:00:00,RICSU,Richter Supermarkt,148.3300
10256,15/07/1996 00:00:00,WELLI,Wellington Importadora,13.9700
10257,16/07/1996 00:00:00,HILAA,HILARIÓN-Abastos,81.9100
10258,17/07/1996 00:00:00,ERNSH,Ernst Handel,140.5100
10259,18/07/1996 00:00:00,CENTC,Centro comercial Moctezuma,3.2500
10260,19/07/1996 00:00:00,OLDWO,Ottilies Käseladen,55.0900
10261,19/07/1996 00:00:00,QUEDE,Que Delícia,3.0500
10262,22/07/1996 00:00:00,RATTC,Rattlesnake Canyon Grocery,48.2900
10263,23/07/1996 00:00:00,ERNSH,Ernst Handel,146.0600
10264,24/07/1996 00:00:00,FOLKO,Folk och fä HB,3.6700
10265,25/07/1996 00:00:00,BLONP,Blondel père et fils,55.2800
10266,26/07/1996 00:00:00,WARTH,Wartian Herkku,25.7300
10267,29/07/1996 00:00:00,FRANK,Frankenversand,208.5800
10268,30/07/1996 00:00:00,GROSR,GROSELLA-Restaurante,66.2900
10269,31/07/1996 00:00:00,WHITC,White Clover Markets,4.5600
10270,01/08/1996 00:00:00,WARTH,Wartian Herkku,136.5400
10271,01/08/1996 00:00:00,SPLIR,Split Rail Beer & Ale,4.5400
10272,02/08/1996 00:00:00,RATTC,Rattlesnake Canyon Grocery,98.0300
10273,05/08/1996 00:00:00,QUICK,QUICK-Stop,76.0700
10274,06/08/1996 00:00:00,VINET,Vins et alcools Chevalier,6.0100
10275,07/08/1996 00:00:00,MAGAA,Magazzini Alimentari Riuniti,26.9300
10276,08/08/1996 00:00:00,TORTU,Tortuga Restaurante,13.8400
10277,09/08/1996 00:00:00,MORGK,Morgenstern Gesundkost,125.7700
10278,12/08/1996 00:00:00,BERGS,Berglunds snabbköp,92.6900
10279,13/08/1996 00:00:00,LEHMS,Lehmanns Marktstand,25.8300
10280,14/08/1996 00:00:00,BERGS,Berglunds snabbköp,8.9800
10281,14/08/1996 00:00:00,ROMEY,Romero y tomillo,2.9400
10282,15/08/1996 00:00:00,ROMEY,Romero y tomillo,12.6900
10283,16/08/1996 00:00:00,LILAS,LILA-Supermercado,84.8100
10284,19/08/1996 00:00:00,LEHMS,Lehmanns Marktstand,76.5600
10285,20/08/1996 00:00:00,QUICK,QUICK-Stop,76.8300
10286,21/08/1996 00:00:00,QUICK,QUICK-Stop,229.2400
10287,22/08/1996 00:00:00,RICAR,Ricardo Adocicados,12.7600
10288,23/08/1996 00:00:00,REGGC,Reggiani Caseifici,7.4500
10289,26/08/1996 00:00:00,BSBEV,B's Beverages,22.7700
10290,27/08/1996 00:00:00,COMMI,Comércio Mineiro,79.7000
10291,27/08/1996 00:00:00,QUEDE,Que Delícia,6.4000
10292,28/08/1996 00:00:00,TRADH,Tradição Hipermercados,1.3500
10293,29/08/1996 00:00:00,TORTU,Tortuga Restaurante,21.1800
10294,30/08/1996 00:00:00,RATTC,Rattlesnake Canyon Grocery,147.2600
10295,02/09/1996 00:00:00,VINET,Vins et alcools Chevalier,1.1500
10296,03/09/1996 00:00:00,LILAS,LILA-Supermercado,0.1200
10297,04/09/1996 00:00:00,BLONP,Blondel père et fils,5.7400
10298,05/09/1996 00:00:00,HUNGO,Hungry Owl All-Night Grocers,168.2200
10299,06/09/1996 00:00:00,RICAR,Ricardo Adocicados,29.7600
10300,09/09/1996 00:00:00,MAGAA,Magazzini Alimentari Riuniti,17.6800
10301,09/09/1996 00:00:00,WANDK,Die Wandernde Kuh,45.0800
10302,10/09/1996 00:00:00,SUPRD,Suprêmes délices,6.2700
10303,11/09/1996 00:00:00,GODOS,Godos Cocina Típica,107.8300
10304,12/09/1996 00:00:00,TORTU,Tortuga Restaurante,63.7900
10305,13/09/1996 00:00:00,OLDWO,Old World Delicatessen,257.6200
10306,16/09/1996 00:00:00,ROMEY,Romero y tomillo,7.5600
10307,17/09/1996 00:00:00,LONEP,Lonesome Pine Restaurant,0.5600
10308,18/09/1996 00:00:00,ANATR,Ana Trujillo Emparedados y helados,1.6100
10309,19/09/1996 00:00:00,HUNGO,Hungry Owl All-Night Grocers,47.3000
10310,20/09/1996 00:00:00,THEBI,The Big Cheese,17.5200
10311,20/09/1996 00:00:00,DUMON,Du monde entier,24.6900
10312,23/09/1996 00:00:00,WANDK,Die Wandernde Kuh,40.2600
10313,24/09/1996 00:00:00,QUICK,QUICK-Stop,1.9600
10314,25/09/1996 00:00:00,RATTC,Rattlesnake Canyon Grocery,74.1600
10315,26/09/1996 00:00:00,ISLAT,Island Trading,41.7600
10316,27/09/1996 00:00:00,RATTC,Rattlesnake Canyon Grocery,150.1500
10317,30/09/1996 00:00:00,LONEP,Lonesome Pine Restaurant,12.6900
10318,01/10/1996 00:00:00,ISLAT,Island Trading,4.7300
10319,02/10/1996 00:00:00,TORTU,Tortuga Restaurante,64.5000
10320,03/10/1996 00:00:00,WARTH,Wartian Herkku,34.5700
10321,03/10/1996 00:00:00,ISLAT,Island Trading,3.4300
10322,04/10/1996 00:00:00,PERIC,Pericles Comidas clásicas,0.4000
10323,07/10/1996 00:00:00,KOENE,Königlich Essen,4.8800
10324,08/10/1996 00:00:00,SAVEA,Save-a-lot Markets,214.2700
10325,09/10/1996 00:00:00,KOENE,Königlich Essen,64.8600
10326,10/10/1996 00:00:00,BOLID,Bólido Comidas preparadas,77.9200
10327,11/10/1996 00:00:00,FOLKO,Folk och fä HB,63.3600
10328,14/10/1996 00:00:00,FURIB,Furia Bacalhau e Frutos do Mar,87.0300
10329,15/10/1996 00:00:00,SPLIR,Split Rail Beer & Ale,191.6700
10330,16/10/1996 00:00:00,LILAS,LILA-Supermercado,12.7500
10331,16/10/1996 00:00:00,BONAP,Bon app',10.1900
10332,17/10/1996 00:00:00,MEREP,Mère Paillarde,52.8400
10333,18/10/1996 00:00:00,WARTH,Wartian Herkku,0.5900
10334,21/10/1996 00:00:00,VICTE,Victuailles en stock,8.5600
10335,22/10/1996 00:00:00,HUNGO,Hungry Owl All-Night Grocers,42.1100
10336,23/10/1996 00:00:00,PRINI,Princesa Isabel Vinhos,15.5100
10337,24/10/1996 00:00:00,FRANK,Frankenversand,108.2600
10338,25/10/1996 00:00:00,OLDWO,Old World Delicatessen,84.2100
10339,28/10/1996 00:00:00,MEREP,Mère Paillarde,15.6600
10340,29/10/1996 00:00:00,BONAP,Bon app',166.3100
10341,29/10/1996 00:00:00,SIMOB,Simons bistro,26.7800
10342,30/10/1996 00:00:00,FRANK,Frankenversand,54.8300
10343,31/10/1996 00:00:00,LEHMS,Lehmanns Marktstand,110.3700
10344,01/11/1996 00:00:00,WHITC,White Clover Markets,23.2900
10345,04/11/1996 00:00:00,QUICK,QUICK-Stop,249.0600
10346,05/11/1996 00:00:00,RATTC,Rattlesnake Canyon Grocery,142.0800
10347,06/11/1996 00:00:00,FAMIA,Familia Arquibaldo,3.1000
10348,07/11/1996 00:00:00,WANDK,Die Wandernde Kuh,0.7800
10349,08/11/1996 00:00:00,SPLIR,Split Rail Beer & Ale,8.6300
10350,11/11/1996 00:00:00,LAMAI,La maison d'Asie,64.1900
10351,11/11/1996 00:00:00,ERNSH,Ernst Handel,162.3300
10352,12/11/1996 00:00:00,FURIB,Furia Bacalhau e Frutos do Mar,1.3000
10353,13/11/1996 00:00:00,PICCO,Piccolo und mehr,360.6300
10354,14/11/1996 00:00:00,PERIC,Pericles Comidas clásicas,53.8000
10355,15/11/1996 00:00:00,AROUT,Around the Horn,41.9500
10356,18/11/1996 00:00:00,WANDK,Die Wandernde Kuh,36.7100
10357,19/11/1996 00:00:00,LILAS,LILA-Supermercado,34.8800
10358,20/11/1996 00:00:00,LAMAI,La maison d'Asie,19.6400
10359,21/11/1996 00:00:00,SEVES,Seven Seas Imports,288.4300
10360,22/11/1996 00:00:00,BLONP,Blondel père et fils,131.7000
10361,22/11/1996 00:00:00,QUICK,QUICK-Stop,183.1700
10362,25/11/1996 00:00:00,BONAP,Bon app',96.0400
10363,26/11/1996 00:00:00,DRACD,Drachenblut Delikatessen,30.5400
10364,26/11/1996 00:00:00,EASTC,Eastern Connection,71.9700
10365,27/11/1996 00:00:00,ANTON,Antonio Moreno Taquería,22.0000
10366,28/11/1996 00:00:00,GALED,Galería del gastronómo,10.1400
10367,28/11/1996 00:00:00,VAFFE,Vaffeljernet,13.5500
10368,29/11/1996 00:00:00,ERNSH,Ernst Handel,101.9500
10369,02/12/1996 00:00:00,SPLIR,Split Rail Beer & Ale,195.6800
10370,03/12/1996 00:00:00,CHOPS,Chop-suey Chinese,1.1700
10371,03/12/1996 00:00:00,LAMAI,La maison d'Asie,0.4500
10372,04/12/1996 00:00:00,QUEEN,Queen Cozinha,890.7800
10373,05/12/1996 00:00:00,HUNGO,Hungry Owl All-Night Grocers,124.1200
10374,05/12/1996 00:00:00,WOLZA,Wolski Zajazd,3.9400
10375,06/12/1996 00:00:00,HUNGC,Hungry Coyote Import Store,20.1200
10376,09/12/1996 00:00:00,MEREP,Mère Paillarde,20.3900
10377,09/12/1996 00:00:00,SEVES,Seven Seas Imports,22.2100
10378,10/12/1996 00:00:00,FOLKO,Folk och fä HB,5.4400
10379,11/12/1996 00:00:00,QUEDE,Que Delícia,45.0300
10380,12/12/1996 00:00:00,HUNGO,Hungry Owl All-Night Grocers,35.0300
10381,12/12/1996 00:00:00,LILAS,LILA-Supermercado,7.9900
10382,13/12/1996 00:00:00,ERNSH,Ernst Handel,94.7700
10383,16/12/1996 00:00:00,AROUT,Around the Horn,34.2400
10384,16/12/1996 00:00:00,BERGS,Berglunds snabbköp,168.6400
10385,17/12/1996 00:00:00,SPLIR,Split Rail Beer & Ale,30.9600
10386,18/12/1996 00:00:00,FAMIA,Familia Arquibaldo,13.9900
10387,18/12/1996 00:00:00,SANTG,Santé Gourmet,93.6300
10388,19/12/1996 00:00:00,SEVES,Seven Seas Imports,34.8600
10389,20/12/1996 00:00:00,BOTTM,Bottom-Dollar Markets,47.4200
10390,23/12/1996 00:00:00,ERNSH,Ernst Handel,126.3800
10391,23/12/1996 00:00:00,DRACD,Drachenblut Delikatessen,5.4500
10392,24/12/1996 00:00:00,PICCO,Piccolo und mehr,122.4600
10393,25/12/1996 00:00:00,SAVEA,Save-a-lot Markets,126.5600
10394,25/12/1996 00:00:00,HUNGC,Hungry Coyote Import Store,30.3400
10395,26/12/1996 00:00:00,HILAA,HILARIÓN-Abastos,184.4100
10396,27/12/1996 00:00:00,FRANK,Frankenversand,135.3500
10397,27/12/1996 00:00:00,PRINI,Princesa Isabel Vinhos,60.2600
10398,30/12/1996 00:00:00,SAVEA,Save-a-lot Markets,89.1600
10399,31/12/1996 00:00:00,VAFFE,Vaffeljernet,27.3600
10400,01/01/1997 00:00:00,EASTC,Eastern Connection,83.9300
10401,01/01/1997 00:00:00,RATTC,Rattlesnake Canyon Grocery,12.5100
10402,02/01/1997 00:00:00,ERNSH,Ernst Handel,67.8800
10403,03/01/1997 00:00:00,ERNSH,Ernst Handel,73.7900
10404,03/01/1997 00:00:00,MAGAA,Magazzini Alimentari Riuniti,155.9700
10405,06/01/1997 00:00:00,LINOD,LINO-Delicateses,34.8200
10406,07/01/1997 00:00:00,QUEEN,Queen Cozinha,108.0400
10407,07/01/1997 00:00:00,OTTIK,Ottilies Käseladen,91.4800
10408,08/01/1997 00:00:00,FOLIG,Folies gourmandes,11.2600
10409,09/01/1997 00:00:00,OCEAN,Océano Atlántico Ltda.,29.8300
10410,10/01/1997 00:00:00,BOTTM,Bottom-Dollar Markets,2.4000
10411,10/01/1997 00:00:00,BOTTM,Bottom-Dollar Markets,23.6500
10412,13/01/1997 00:00:00,WARTH,Wartian Herkku,3.7700
10413,14/01/1997 00:00:00,LAMAI,La maison d'Asie,95.6600
10414,14/01/1997 00:00:00,FAMIA,Familia Arquibaldo,21.4800
10415,15/01/1997 00:00:00,HUNGC,Hungry Coyote Import Store,0.2000
10416,16/01/1997 00:00:00,WARTH,Wartian Herkku,22.7200
10417,16/01/1997 00:00:00,SIMOB,Simons bistro,70.2900
10418,17/01/1997 00:00:00,QUICK,QUICK-Stop,17.5500
10419,20/01/1997 00:00:00,RICSU,Richter Supermarkt,137.3500
10420,21/01/1997 00:00:00,WELLI,Wellington Importadora,44.1200
10421,21/01/1997 00:00:00,QUEDE,Que Delícia,99.2300
10422,22/01/1997 00:00:00,FRANS,Franchi S.p.A.,3.0200
10423,23/01/1997 00:00:00,GOURL,Gourmet Lanchonetes,24.5000
10424,23/01/1997 00:00:00,MEREP,Mère Paillarde,370.6100
10425,24/01/1997 00:00:00,LAMAI,La maison d'Asie,7.9300
10426,27/01/1997 00:00:00,GALED,Galería del gastronómo,18.6900
10427,27/01/1997 00:00:00,PICCO,Piccolo und mehr,31.2900
10428,28/01/1997 00:00:00,REGGC,Reggiani Caseifici,11.0900
10429,29/01/1997 00:00:00,HUNGO,Hungry Owl All-Night Grocers,56.6300
10430,30/01/1997 00:00:00,ERNSH,Ernst Handel,458.7800
10431,30/01/1997 00:00:00,BOTTM,Bottom-Dollar Markets,44.1700
10432,31/01/1997 00:00:00,SPLIR,Split Rail Beer & Ale,4.3400
10433,03/02/1997 00:00:00,PRINI,Princesa Isabel Vinhos,73.8300
10434,03/02/1997 00:00:00,FOLKO,Folk och fä HB,17.9200
10435,04/02/1997 00:00:00,CONSH,Consolidated Holdings,9.2100
10436,05/02/1997 00:00:00,BLONP,Blondel père et fils,156.6600
10437,05/02/1997 00:00:00,WARTH,Wartian Herkku,19.9700
10438,06/02/1997 00:00:00,TOMSP,Toms Spezialitäten,8.2400
10439,07/02/1997 00:00:00,MEREP,Mère Paillarde,4.0700
10440,10/02/1997 00:00:00,SAVEA,Save-a-lot Markets,86.5300
10441,10/02/1997 00:00:00,OLDWO,Old World Delicatessen,73.0200
10442,11/02/1997 00:00:00,ERNSH,Ernst Handel,47.9400
10443,12/02/1997 00:00:00,REGGC,Reggiani Caseifici,13.9500
10444,12/02/1997 00:00:00,BERGS,Berglunds snabbköp,3.5000
10445,13/02/1997 00:00:00,BERGS,Berglunds snabbköp,9.3000
10446,14/02/1997 00:00:00,TOMSP,Toms Spezialitäten,14.6800
10447,14/02/1997 00:00:00,RICAR,Ricardo Adocicados,68.6600
10448,17/02/1997 00:00:00,RANCH,Rancho grande,38.8200
10449,18/02/1997 00:00:00,BLONP,Blondel père et fils,53.3000
10450,19/02/1997 00:00:00,VICTE,Victuailles en stock,7.2300
10451,19/02/1997 00:00:00,QUICK,QUICK-Stop,189.0900
10452,20/02/1997 00:00:00,SAVEA,Save-a-lot Markets,140.2600
10453,21/02/1997 00:00:00,AROUT,Around the Horn,25.3600
10454,21/02/1997 00:00:00,LAMAI,La maison d'Asie,2.7400
10455,24/02/1997 00:00:00,WARTH,Wartian Herkku,180.4500
10456,25/02/1997 00:00:00,KOENE,Königlich Essen,8.1200
10457,25/02/1997 00:00:00,KOENE,Königlich Essen,11.5700
10458,26/02/1997 00:00:00,SUPRD,Suprêmes délices,147.0600
10459,27/02/1997 00:00:00,VICTE,Victuailles en stock,25.0900
10460,28/02/1997 00:00:00,FOLKO,Folk och fä HB,16.2700
10461,28/02/1997 00:00:00,LILAS,LILA-Supermercado,148.6100
10462,03/03/1997 00:00:00,CONSH,Consolidated Holdings,6.1700
10463,04/03/1997 00:00:00,SUPRD,Suprêmes délices,14.7800
10464,04/03/1997 00:00:00,FURIB,Furia Bacalhau e Frutos do Mar,89.0000
10465,05/03/1997 00:00:00,VAFFE,Vaffeljernet,145.0400
10466,06/03/1997 00:00:00,COMMI,Comércio Mineiro,11.9300
10467,06/03/1997 00:00:00,MAGAA,Magazzini Alimentari Riuniti,4.9300
10468,07/03/1997 00:00:00,KOENE,Königlich Essen,44.1200
10469,10/03/1997 00:00:00,WHITC,White Clover Markets,60.1800
10470,11/03/1997 00:00:00,BONAP,Bon app',64.5600
10471,11/03/1997 00:00:00,BSBEV,B's Beverages,45.5900
10472,12/03/1997 00:00:00,SEVES,Seven Seas Imports,4.2000
10473,13/03/1997 00:00:00,ISLAT,Island Trading,16.3700
10474,13/03/1997 00:00:00,PERIC,Pericles Comidas clásicas,83.4900
10475,14/03/1997 00:00:00,SUPRD,Suprêmes délices,68.5200
10476,17/03/1997 00:00:00,HILAA,HILARIÓN-Abastos,4.4100
10477,17/03/1997 00:00:00,PRINI,Princesa Isabel Vinhos,13.0200
10478,18/03/1997 00:00:00,VICTE,Victuailles en stock,4.8100
10479,19/03/1997 00:00:00,RATTC,Rattlesnake Canyon Grocery,708.9500
10480,20/03/1997 00:00:00,FOLIG,Folies gourmandes,1.3500
10481,20/03/1997 00:00:00,RICAR,Ricardo Adocicados,64.3300
10482,21/03/1997 00:00:00,LAZYK,Lazy K Kountry Store,7.4800
10483,24/03/1997 00:00:00,WHITC,White Clover Markets,15.2800
10484,24/03/1997 00:00:00,BSBEV,B's Beverages,6.8800
10485,25/03/1997 00:00:00,LINOD,LINO-Delicateses,64.4500
10486,26/03/1997 00:00:00,HILAA,HILARIÓN-Abastos,30.5300
10487,26/03/1997 00:00:00,QUEEN,Queen Cozinha,71.0700
10488,27/03/1997 00:00:00,FRANK,Frankenversand,4.9300
10489,28/03/1997 00:00:00,PICCO,Piccolo und mehr,5.2900
10490,31/03/1997 00:00:00,HILAA,HILARIÓN-Abastos,210.1900
10491,31/03/1997 00:00:00,FURIB,Furia Bacalhau e Frutos do Mar,16.9600
10492,01/04/1997 00:00:00,BOTTM,Bottom-Dollar Markets,62.8900
10493,02/04/1997 00:00:00,LAMAI,La maison d'Asie,10.6400
10494,02/04/1997 00:00:00,COMMI,Comércio Mineiro,65.9900
10495,03/04/1997 00:00:00,LAUGB,Laughing Bacchus Wine Cellars,4.6500
10496,04/04/1997 00:00:00,TRADH,Tradição Hipermercados,46.7700
10497,04/04/1997 00:00:00,LEHMS,Lehmanns Marktstand,36.2100
10498,07/04/1997 00:00:00,HILAA,HILARIÓN-Abastos,29.7500
10499,08/04/1997 00:00:00,LILAS,LILA-Supermercado,102.0200
10500,09/04/1997 00:00:00,LAMAI,La maison d'Asie,42.6800
10501,09/04/1997 00:00:00,BLAUS,Blauer See Delikatessen,8.8500
10502,10/04/1997 00:00:00,PERIC,Pericles Comidas clásicas,69.3200
10503,11/04/1997 00:00:00,HUNGO,Hungry Owl All-Night Grocers,16.7400
10504,11/04/1997 00:00:00,WHITC,White Clover Markets,59.1300
10505,14/04/1997 00:00:00,MEREP,Mère Paillarde,7.1300
10506,15/04/1997 00:00:00,KOENE,Königlich Essen,21.1900
10507,15/04/1997 00:00:00,ANTON,Antonio Moreno Taquería,47.4500
10508,16/04/1997 00:00:00,OTTIK,Ottilies Käseladen,4.9900
10509,17/04/1997 00:00:00,BLAUS,Blauer See Delikatessen,0.1500
10510,18/04/1997 00:00:00,SAVEA,Save-a-lot Markets,367.6300
10511,18/04/1997 00:00:00,BONAP,Bon app',350.6400
10512,21/04/1997 00:00:00,FAMIA,Familia Arquibaldo,3.5300
10513,22/04/1997 00:00:00,WANDK,Die Wandernde Kuh,105.6500
10514,22/04/1997 00:00:00,ERNSH,Ernst Handel,789.9500
10515,23/04/1997 00:00:00,QUICK,QUICK-Stop,204.4700
10516,24/04/1997 00:00:00,HUNGO,Hungry Owl All-Night Grocers,62.7800
10517,24/04/1997 00:00:00,NORTS,North/South,32.0700
10518,25/04/1997 00:00:00,TORTU,Tortuga Restaurante,218.1500
10519,28/04/1997 00:00:00,CHOPS,Chop-suey Chinese,91.7600
10520,29/04/1997 00:00:00,SANTG,Santé Gourmet,13.3700
10521,29/04/1997 00:00:00,CACTU,Cactus Comidas para llevar,17.2200
10522,30/04/1997 00:00:00,LEHMS,Lehmanns Marktstand,45.3300
10523,01/05/1997 00:00:00,SEVES,Seven Seas Imports,77.6300
10524,01/05/1997 00:00:00,BERGS,Berglunds snabbköp,244.7900
10525,02/05/1997 00:00:00,BONAP,Bon app',11.0600
10526,05/05/1997 00:00:00,WARTH,Wartian Herkku,58.5900
10527,05/05/1997 00:00:00,QUICK,QUICK-Stop,41.9000
10528,06/05/1997 00:00:00,GREAL,Great Lakes Food Market,3.3500
10529,07/05/1997 00:00:00,MAISD,Maison Dewey,66.6900
10530,08/05/1997 00:00:00,PICCO,Piccolo und mehr,339.2200
10531,08/05/1997 00:00:00,OCEAN,Océano Atlántico Ltda.,8.1200
10532,09/05/1997 00:00:00,EASTC,Eastern Connection,74.4600
10533,12/05/1997 00:00:00,FOLKO,Folk och fä HB,188.0400
10534,12/05/1997 00:00:00,LEHMS,Lehmanns Marktstand,27.9400
10535,13/05/1997 00:00:00,ANTON,Antonio Moreno Taquería,15.6400
10536,14/05/1997 00:00:00,LEHMS,Lehmanns Marktstand,58.8800
10537,14/05/1997 00:00:00,RICSU,Richter Supermarkt,78.8500
10538,15/05/1997 00:00:00,BSBEV,B's Beverages,4.8700
10539,16/05/1997 00:00:00,BSBEV,B's Beverages,12.3600
10540,19/05/1997 00:00:00,QUICK,QUICK-Stop,1007.6400
10541,19/05/1997 00:00:00,HANAR,Hanari Carnes,68.6500
10542,20/05/1997 00:00:00,KOENE,Königlich Essen,10.9500
10543,21/05/1997 00:00:00,LILAS,LILA-Supermercado,48.1700
10544,21/05/1997 00:00:00,LONEP,Lonesome Pine Restaurant,24.9100
10545,22/05/1997 00:00:00,LAZYK,Lazy K Kountry Store,11.9200
10546,23/05/1997 00:00:00,VICTE,Victuailles en stock,194.7200
10547,23/05/1997 00:00:00,SEVES,Seven Seas Imports,178.4300
10548,26/05/1997 00:00:00,TOMSP,Toms Spezialitäten,1.4300
10549,27/05/1997 00:00:00,QUICK,QUICK-Stop,171.2400
10550,28/05/1997 00:00:00,GODOS,Godos Cocina Típica,4.3200
10551,28/05/1997 00:00:00,FURIB,Furia Bacalhau e Frutos do Mar,72.9500
10552,29/05/1997 00:00:00,HILAA,HILARIÓN-Abastos,83.2200
10553,30/05/1997 00:00:00,WARTH,Wartian Herkku,149.4900
10554,30/05/1997 00:00:00,OTTIK,Ottilies Käseladen,120.9700
10555,02/06/1997 00:00:00,SAVEA,Save-a-lot Markets,252.4900
10556,03/06/1997 00:00:00,SIMOB,Simons bistro,9.8000
10557,03/06/1997 00:00:00,LEHMS,Lehmanns Marktstand,96.7200
10558,04/06/1997 00:00:00,AROUT,Around the Horn,72.9700
10559,05/06/1997 00:00:00,BLONP,Blondel père et fils,8.0500
10560,06/06/1997 00:00:00,FRANK,Frankenversand,36.6500
10561,06/06/1997 00:00:00,FOLKO,Folk och fä HB,242.2100
10562,09/06/1997 00:00:00,REGGC,Reggiani Caseifici,22.9500
10563,10/06/1997 00:00:00,RICAR,Ricardo Adocicados,60.4300
10564,10/06/1997 00:00:00,RATTC,Rattlesnake Canyon Grocery,13.7500
10565,11/06/1997 00:00:00,MEREP,Mère Paillarde,7.1500
10566,12/06/1997 00:00:00,BLONP,Blondel père et fils,88.4000
10567,12/06/1997 00:00:00,HUNGO,Hungry Owl All-Night Grocers,33.9700
10568,13/06/1997 00:00:00,GALED,Galería del gastronómo,6.5400
10569,16/06/1997 00:00:00,RATTC,Rattlesnake Canyon Grocery,58.9800
10570,17/06/1997 00:00:00,MEREP,Mère Paillarde,188.9900
10571,17/06/1997 00:00:00,ERNSH,Ernst Handel,26.0600
10572,18/06/1997 00:00:00,BERGS,Berglunds snabbköp,116.4300
10573,19/06/1997 00:00:00,ANTON,Antonio Moreno Taquería,84.8400
10574,19/06/1997 00:00:00,TRAIH,Trail's Head Gourmet Provisioners,37.6000
10575,20/06/1997 00:00:00,MORGK,Morgenstern Gesundkost,127.3400
10576,23/06/1997 00:00:00,TORTU,Tortuga Restaurante,18.5600
10577,23/06/1997 00:00:00,TRAIH,Trail's Head Gourmet Provisioners,25.4100
10578,24/06/1997 00:00:00,BSBEV,B's Beverages,29.6000
10579,25/06/1997 00:00:00,LETSS,Let's Stop N Shop,13.7300
10580,26/06/1997 00:00:00,OTTIK,Ottilies Käseladen,75.8900
10581,26/06/1997 00:00:00,FAMIA,Familia Arquibaldo,3.0100
10582,27/06/1997 00:00:00,BLAUS,Blauer See Delikatessen,27.7100
10583,30/06/1997 00:00:00,WARTH,Wartian Herkku,7.2800
10584,30/06/1997 00:00:00,BLONP,Blondel père et fils,59.1400
10585,01/07/1997 00:00:00,WELLI,Wellington Importadora,13.4100
10586,02/07/1997 00:00:00,REGGC,Reggiani Caseifici,0.4800
10587,02/07/1997 00:00:00,QUEDE,Que Delícia,62.5200
10588,03/07/1997 00:00:00,QUICK,QUICK-Stop,194.6700
10589,04/07/1997 00:00:00,GREAL,Great Lakes Food Market,4.4200
10590,07/07/1997 00:00:00,MEREP,Mère Paillarde,44.7700
10591,07/07/1997 00:00:00,VAFFE,Vaffeljernet,55.9200
10592,08/07/1997 00:00:00,LEHMS,Lehmanns Marktstand,32.1000
10593,09/07/1997 00:00:00,LEHMS,Lehmanns Marktstand,174.2000
10594,09/07/1997 00:00:00,OLDWO,Old World Delicatessen,5.2400
10595,10/07/1997 00:00:00,ERNSH,Ernst Handel,96.7800
10596,11/07/1997 00:00:00,WHITC,White Clover Markets,16.3400
10597,11/07/1997 00:00:00,PICCO,Piccolo und mehr,35.1200
10598,14/07/1997 00:00:00,RATTC,Rattlesnake Canyon Grocery,44.4200
10599,15/07/1997 00:00:00,BSBEV,B's Beverages,29.9800
10600,16/07/1997 00:00:00,HUNGC,Hungry Coyote Import Store,45.1300
10601,16/07/1997 00:00:00,HILAA,HILARIÓN-Abastos,58.3000
10602,17/07/1997 00:00:00,VAFFE,Vaffeljernet,2.9200
10603,18/07/1997 00:00:00,SAVEA,Save-a-lot Markets,48.7700
10604,18/07/1997 00:00:00,FURIB,Furia Bacalhau e Frutos do Mar,7.4600
10605,21/07/1997 00:00:00,MEREP,Mère Paillarde,379.1300
10606,22/07/1997 00:00:00,TRADH,Tradição Hipermercados,79.4000
10607,22/07/1997 00:00:00,SAVEA,Save-a-lot Markets,200.2400
10608,23/07/1997 00:00:00,TOMSP,Toms Spezialitäten,27.7900
10609,24/07/1997 00:00:00,DUMON,Du monde entier,1.8500
10610,25/07/1997 00:00:00,LAMAI,La maison d'Asie,26.7800
10611,25/07/1997 00:00:00,WOLZA,Wolski Zajazd,80.6500
10612,28/07/1997 00:00:00,SAVEA,Save-a-lot Markets,544.0800
10613,29/07/1997 00:00:00,HILAA,HILARIÓN-Abastos,8.1100
10614,29/07/1997 00:00:00,BLAUS,Blauer See Delikatessen,1.9300
10615,30/07/1997 00:00:00,WILMK,Wilman Kala,0.7500
10616,31/07/1997 00:00:00,GREAL,Great Lakes Food Market,116.5300
10617,31/07/1997 00:00:00,GREAL,Great Lakes Food Market,18.5300
10618,01/08/1997 00:00:00,MEREP,Mère Paillarde,154.6800
10619,04/08/1997 00:00:00,MEREP,Mère Paillarde,91.0500
10620,05/08/1997 00:00:00,LAUGB,Laughing Bacchus Wine Cellars,0.9400
10621,05/08/1997 00:00:00,ISLAT,Island Trading,23.7300
10622,06/08/1997 00:00:00,RICAR,Ricardo Adocicados,50.9700
10623,07/08/1997 00:00:00,FRANK,Frankenversand,97.1800
10624,07/08/1997 00:00:00,THECR,The Cracker Box,94.8000
10625,08/08/1997 00:00:00,ANATR,Ana Trujillo Emparedados y helados,43.9000
10626,11/08/1997 00:00:00,BERGS,Berglunds snabbköp,138.6900
10627,11/08/1997 00:00:00,SAVEA,Save-a-lot Markets,107.4600
10628,12/08/1997 00:00:00,BLONP,Blondel père et fils,30.3600
10629,12/08/1997 00:00:00,GODOS,Godos Cocina Típica,85.4600
10630,13/08/1997 00:00:00,KOENE,Königlich Essen,32.3500
10631,14/08/1997 00:00:00,LAMAI,La maison d'Asie,0.8700
10632,14/08/1997 00:00:00,WANDK,Die Wandernde Kuh,41.3800
10633,15/08/1997 00:00:00,ERNSH,Ernst Handel,477.9000
10634,15/08/1997 00:00:00,FOLIG,Folies gourmandes,487.3800
10635,18/08/1997 00:00:00,MAGAA,Magazzini Alimentari Riuniti,47.4600
10636,19/08/1997 00:00:00,WARTH,Wartian Herkku,1.1500
10637,19/08/1997 00:00:00,QUEEN,Queen Cozinha,201.2900
10638,20/08/1997 00:00:00,LINOD,LINO-Delicateses,158.4400
10639,20/08/1997 00:00:00,SANTG,Santé Gourmet,38.6400
10640,21/08/1997 00:00:00,WANDK,Die Wandernde Kuh,23.5500
10641,22/08/1997 00:00:00,HILAA,HILARIÓN-Abastos,179.6100
10642,22/08/1997 00:00:00,SIMOB,Simons bistro,41.8900
10643,25/08/1997 00:00:00,ALFKI,Alfreds Futterkiste,29.4600
10644,25/08/1997 00:00:00,WELLI,Wellington Importadora,0.1400
10645,26/08/1997 00:00:00,HANAR,Hanari Carnes,12.4100
10646,27/08/1997 00:00:00,HUNGO,Hungry Owl All-Night Grocers,142.3300
10647,27/08/1997 00:00:00,QUEDE,Que Delícia,45.5400
10648,28/08/1997 00:00:00,RICAR,Ricardo Adocicados,14.2500
10649,28/08/1997 00:00:00,MAISD,Maison Dewey,6.2000
10650,29/08/1997 00:00:00,FAMIA,Familia Arquibaldo,176.8100
10651,01/09/1997 00:00:00,WANDK,Die Wandernde Kuh,20.6000
10652,01/09/1997 00:00:00,GOURL,Gourmet Lanchonetes,7.1400
10653,02/09/1997 00:00:00,FRANK,Frankenversand,93.2500
10654,02/09/1997 00:00:00,BERGS,Berglunds snabbköp,55.2600
10655,03/09/1997 00:00:00,REGGC,Reggiani Caseifici,4.4100
10656,04/09/1997 00:00:00,GREAL,Great Lakes Food Market,57.1500
10657,04/09/1997 00:00:00,SAVEA,Save-a-lot Markets,352.6900
10658,05/09/1997 00:00:00,QUICK,QUICK-Stop,364.1500
10659,05/09/1997 00:00:00,QUEEN,Queen Cozinha,105.8100
10660,08/09/1997 00:00:00,HUNGC,Hungry Coyote Import Store,111.2900
10661,09/09/1997 00:00:00,HUNGO,Hungry Owl All-Night Grocers,17.5500
10662,09/09/1997 00:00:00,LONEP,Lonesome Pine Restaurant,1.2800
10663,10/09/1997 00:00:00,BONAP,Bon app',113.1500
10664,10/09/1997 00:00:00,FURIB,Furia Bacalhau e Frutos do Mar,1.2700
10665,11/09/1997 00:00:00,LONEP,Lonesome Pine Restaurant,26.3100
10666,12/09/1997 00:00:00,RICSU,Richter Supermarkt,232.4200
10667,12/09/1997 00:00:00,ERNSH,Ernst Handel,78.0900
10668,15/09/1997 00:00:00,WANDK,Die Wandernde Kuh,47.2200
10669,15/09/1997 00:00:00,SIMOB,Simons bistro,24.3900
10670,16/09/1997 00:00:00,FRANK,Frankenversand,203.4800
10671,17/09/1997 00:00:00,FRANR,France restauration,30.3400
10672,17/09/1997 00:00:00,BERGS,Berglunds snabbköp,95.7500
10673,18/09/1997 00:00:00,WILMK,Wilman Kala,22.7600
10674,18/09/1997 00:00:00,ISLAT,Island Trading,0.9000
10675,19/09/1997 00:00:00,FRANK,Frankenversand,31.8500
10676,22/09/1997 00:00:00,TORTU,Tortuga Restaurante,2.0100
10677,22/09/1997 00:00:00,ANTON,Antonio Moreno Taquería,4.0300
10678,23/09/1997 00:00:00,SAVEA,Save-a-lot Markets,388.9800
10679,23/09/1997 00:00:00,BLONP,Blondel père et fils,27.9400
10680,24/09/1997 00:00:00,OLDWO,Old World Delicatessen,26.6100
10681,25/09/1997 00:00:00,GREAL,Great Lakes Food Market,76.1300
10682,25/09/1997 00:00:00,ANTON,Antonio Moreno Taquería,36.1300
10683,26/09/1997 00:00:00,DUMON,Du monde entier,4.4000
10684,26/09/1997 00:00:00,OTTIK,Ottilies Käseladen,145.6300
10685,29/09/1997 00:00:00,GOURL,Gourmet Lanchonetes,33.7500
10686,30/09/1997 00:00:00,PICCO,Piccolo und mehr,96.5000
10687,30/09/1997 00:00:00,HUNGO,Hungry Owl All-Night Grocers,296.4300
10688,01/10/1997 00:00:00,VAFFE,Vaffeljernet,299.0900
10689,01/10/1997 00:00:00,BERGS,Berglunds snabbköp,13.4200
10690,02/10/1997 00:00:00,HANAR,Hanari Carnes,15.8000
10691,03/10/1997 00:00:00,QUICK,QUICK-Stop,810.0500
10692,03/10/1997 00:00:00,ALFKI,Alfreds Futterkiste,61.0200
10693,06/10/1997 00:00:00,WHITC,White Clover Markets,139.3400
10694,06/10/1997 00:00:00,QUICK,QUICK-Stop,398.3600
10695,07/10/1997 00:00:00,WILMK,Wilman Kala,16.7200
10696,08/10/1997 00:00:00,WHITC,White Clover Markets,102.5500
10697,08/10/1997 00:00:00,LINOD,LINO-Delicateses,45.5200
10698,09/10/1997 00:00:00,ERNSH,Ernst Handel,272.4700
10699,09/10/1997 00:00:00,MORGK,Morgenstern Gesundkost,0.5800
10700,10/10/1997 00:00:00,SAVEA,Save-a-lot Markets,65.1000
10701,13/10/1997 00:00:00,HUNGO,Hungry Owl All-Night Grocers,220.3100
10702,13/10/1997 00:00:00,ALFKI,Alfreds Futterkiste,23.9400
10703,14/10/1997 00:00:00,FOLKO,Folk och fä HB,152.3000
10704,14/10/1997 00:00:00,QUEEN,Queen Cozinha,4.7800
10705,15/10/1997 00:00:00,HILAA,HILARIÓN-Abastos,3.5200
10706,16/10/1997 00:00:00,OLDWO,Old World Delicatessen,135.6300
10707,16/10/1997 00:00:00,AROUT,Around the Horn,21.7400
10708,17/10/1997 00:00:00,THEBI,The Big Cheese,2.9600
10709,17/10/1997 00:00:00,GOURL,Gourmet Lanchonetes,210.8000
10710,20/10/1997 00:00:00,FRANS,Franchi S.p.A.,4.9800
10711,21/10/1997 00:00:00,SAVEA,Save-a-lot Markets,52.4100
10712,21/10/1997 00:00:00,HUNGO,Hungry Owl All-Night Grocers,89.9300
10713,22/10/1997 00:00:00,SAVEA,Save-a-lot Markets,167.0500
10714,22/10/1997 00:00:00,SAVEA,Save-a-lot Markets,24.4900
10715,23/10/1997 00:00:00,BONAP,Bon app',63.2000
10716,24/10/1997 00:00:00,RANCH,Rancho grande,22.5700
10717,24/10/1997 00:00:00,FRANK,Frankenversand,59.2500
10718,27/10/1997 00:00:00,KOENE,Königlich Essen,170.8800
10719,27/10/1997 00:00:00,LETSS,Let's Stop N Shop,51.4400
10720,28/10/1997 00:00:00,QUEDE,Que Delícia,9.5300
10721,29/10/1997 00:00:00,QUICK,QUICK-Stop,48.9200
10722,29/10/1997 00:00:00,SAVEA,Save-a-lot Markets,74.5800
10723,30/10/1997 00:00:00,WHITC,White Clover Markets,21.7200
10724,30/10/1997 00:00:00,MEREP,Mère Paillarde,57.7500
10725,31/10/1997 00:00:00,FAMIA,Familia Arquibaldo,10.8300
10726,03/11/1997 00:00:00,EASTC,Eastern Connection,16.5600
10727,03/11/1997 00:00:00,REGGC,Reggiani Caseifici,89.9000
10728,04/11/1997 00:00:00,QUEEN,Queen Cozinha,58.3300
10729,04/11/1997 00:00:00,LINOD,LINO-Delicateses,141.0600
10730,05/11/1997 00:00:00,BONAP,Bon app',20.1200
10731,06/11/1997 00:00:00,CHOPS,Chop-suey Chinese,96.6500
10732,06/11/1997 00:00:00,BONAP,Bon app',16.9700
10733,07/11/1997 00:00:00,BERGS,Berglunds snabbköp,110.1100
10734,07/11/1997 00:00:00,GOURL,Gourmet Lanchonetes,1.6300
10735,10/11/1997 00:00:00,LETSS,Let's Stop N Shop,45.9700
10736,11/11/1997 00:00:00,HUNGO,Hungry Owl All-Night Grocers,44.1000
10737,11/11/1997 00:00:00,VINET,Vins et alcools Chevalier,7.7900
10738,12/11/1997 00:00:00,SPECD,Spécialités du monde,2.9100
10739,12/11/1997 00:00:00,VINET,Vins et alcools Chevalier,11.0800
10740,13/11/1997 00:00:00,WHITC,White Clover Markets,81.8800
10741,14/11/1997 00:00:00,AROUT,Around the Horn,10.9600
10742,14/11/1997 00:00:00,BOTTM,Bottom-Dollar Markets,243.7300
10743,17/11/1997 00:00:00,AROUT,Around the Horn,23.7200
10744,17/11/1997 00:00:00,VAFFE,Vaffeljernet,69.1900
10745,18/11/1997 00:00:00,QUICK,QUICK-Stop,3.5200
10746,19/11/1997 00:00:00,CHOPS,Chop-suey Chinese,31.4300
10747,19/11/1997 00:00:00,PICCO,Piccolo und mehr,117.3300
10748,20/11/1997 00:00:00,SAVEA,Save-a-lot Markets,232.5500
10749,20/11/1997 00:00:00,ISLAT,Island Trading,61.5300
10750,21/11/1997 00:00:00,WARTH,Wartian Herkku,79.3000
10751,24/11/1997 00:00:00,RICSU,Richter Supermarkt,130.7900
10752,24/11/1997 00:00:00,NORTS,North/South,1.3900
10753,25/11/1997 00:00:00,FRANS,Franchi S.p.A.,7.7000
10754,25/11/1997 00:00:00,MAGAA,Magazzini Alimentari Riuniti,2.3800
10755,26/11/1997 00:00:00,BONAP,Bon app',16.7100
10756,27/11/1997 00:00:00,SPLIR,Split Rail Beer & Ale,73.2100
10757,27/11/1997 00:00:00,SAVEA,Save-a-lot Markets,8.1900
10758,28/11/1997 00:00:00,RICSU,Richter Supermarkt,138.1700
10759,28/11/1997 00:00:00,ANATR,Ana Trujillo Emparedados y helados,11.9900
10760,01/12/1997 00:00:00,MAISD,Maison Dewey,155.6400
10761,02/12/1997 00:00:00,RATTC,Rattlesnake Canyon Grocery,18.6600
10762,02/12/1997 00:00:00,FOLKO,Folk och fä HB,328.7400
10763,03/12/1997 00:00:00,FOLIG,Folies gourmandes,37.3500
10764,03/12/1997 00:00:00,ERNSH,Ernst Handel,145.4500
10765,04/12/1997 00:00:00,QUICK,QUICK-Stop,42.7400
10766,05/12/1997 00:00:00,OTTIK,Ottilies Käseladen,157.5500
10767,05/12/1997 00:00:00,SUPRD,Suprêmes délices,1.5900
10768,08/12/1997 00:00:00,AROUT,Around the Horn,146.3200
10769,08/12/1997 00:00:00,VAFFE,Vaffeljernet,65.0600
10770,09/12/1997 00:00:00,HANAR,Hanari Carnes,5.3200
10771,10/12/1997 00:00:00,ERNSH,Ernst Handel,11.1900
10772,10/12/1997 00:00:00,LEHMS,Lehmanns Marktstand,91.2800
10773,11/12/1997 00:00:00,ERNSH,Ernst Handel,96.4300
10774,11/12/1997 00:00:00,FOLKO,Folk och fä HB,48.2000
10775,12/12/1997 00:00:00,THECR,The Cracker Box,20.2500
10776,15/12/1997 00:00:00,ERNSH,Ernst Handel,351.5300
10777,15/12/1997 00:00:00,GOURL,Gourmet Lanchonetes,3.0100
10778,16/12/1997 00:00:00,BERGS,Berglunds snabbköp,6.7900
10779,16/12/1997 00:00:00,MORGK,Morgenstern Gesundkost,58.1300
10780,16/12/1997 00:00:00,LILAS,LILA-Supermercado,42.1300
10781,17/12/1997 00:00:00,WARTH,Wartian Herkku,73.1600
10782,17/12/1997 00:00:00,CACTU,Cactus Comidas para llevar,1.1000
10783,18/12/1997 00:00:00,HANAR,Hanari Carnes,124.9800
10784,18/12/1997 00:00:00,MAGAA,Magazzini Alimentari Riuniti,70.0900
10785,18/12/1997 00:00:00,GROSR,GROSELLA-Restaurante,1.5100
10786,19/12/1997 00:00:00,QUEEN,Queen Cozinha,110.8700
10787,19/12/1997 00:00:00,LAMAI,La maison d'Asie,249.9300
10788,22/12/1997 00:00:00,QUICK,QUICK-Stop,42.7000
10789,22/12/1997 00:00:00,FOLIG,Folies gourmandes,100.6000
10790,22/12/1997 00:00:00,GOURL,Gourmet Lanchonetes,28.2300
10791,23/12/1997 00:00:00,FRANK,Frankenversand,16.8500
10792,23/12/1997 00:00:00,WOLZA,Wolski Zajazd,23.7900
10793,24/12/1997 00:00:00,AROUT,Around the Horn,4.5200
10794,24/12/1997 00:00:00,QUEDE,Que Delícia,21.4900
10795,24/12/1997 00:00:00,ERNSH,Ernst Handel,126.6600
10796,25/12/1997 00:00:00,HILAA,HILARIÓN-Abastos,26.5200
10797,25/12/1997 00:00:00,DRACD,Drachenblut Delikatessen,33.3500
10798,26/12/1997 00:00:00,ISLAT,Island Trading,2.3300
10799,26/12/1997 00:00:00,KOENE,Königlich Essen,30.7600
10800,26/12/1997 00:00:00,SEVES,Seven Seas Imports,137.4400
10801,29/12/1997 00:00:00,BOLID,Bólido Comidas preparadas,97.0900
10802,29/12/1997 00:00:00,SIMOB,Simons bistro,257.2600
10803,30/12/1997 00:00:00,WELLI,Wellington Importadora,55.2300
10804,30/12/1997 00:00:00,SEVES,Seven Seas Imports,27.3300
10805,30/12/1997 00:00:00,THEBI,The Big Cheese,237.3400
10806,31/12/1997 00:00:00,VICTE,Victuailles en stock,22.1100
10807,31/12/1997 00:00:00,FRANS,Franchi S.p.A.,1.3600
10808,01/01/1998 00:00:00,PRINI,Old World Delicatessen,45.5300
10809,01/01/1998 00:00:00,WELLI,Wellington Importadora,4.8700
10810,01/01/1998 00:00:00,LAUGB,Laughing Bacchus Wine Cellars,4.3300
10811,02/01/1998 00:00:00,LINOD,LINO-Delicateses,31.2200
10812,02/01/1998 00:00:00,REGGC,Reggiani Caseifici,59.7800
10813,05/01/1998 00:00:00,RICAR,Ricardo Adocicados,47.3800
10814,05/01/1998 00:00:00,VICTE,Victuailles en stock,130.9400
10815,05/01/1998 00:00:00,SAVEA,Save-a-lot Markets,14.6200
10816,06/01/1998 00:00:00,GREAL,Great Lakes Food Market,719.7800
10817,06/01/1998 00:00:00,KOENE,Königlich Essen,306.0700
10818,07/01/1998 00:00:00,MAGAA,Magazzini Alimentari Riuniti,65.4800
10819,07/01/1998 00:00:00,CACTU,Cactus Comidas para llevar,19.7600
10820,07/01/1998 00:00:00,RATTC,Rattlesnake Canyon Grocery,37.5200
10821,08/01/1998 00:00:00,SPLIR,Split Rail Beer & Ale,36.6800
10822,08/01/1998 00:00:00,TRAIH,Trail's Head Gourmet Provisioners,7.0000
10823,09/01/1998 00:00:00,LILAS,LILA-Supermercado,163.9700
10824,09/01/1998 00:00:00,FOLKO,Folk och fä HB,1.2300
10825,09/01/1998 00:00:00,DRACD,Drachenblut Delikatessen,79.2500
10826,12/01/1998 00:00:00,BLONP,Blondel père et fils,7.0900
10827,12/01/1998 00:00:00,BONAP,Bon app',63.5400
10828,13/01/1998 00:00:00,RANCH,Rancho grande,90.8500
10829,13/01/1998 00:00:00,ISLAT,Island Trading,154.7200
10830,13/01/1998 00:00:00,TRADH,Tradição Hipermercados,81.8300
10831,14/01/1998 00:00:00,SANTG,Santé Gourmet,72.1900
10832,14/01/1998 00:00:00,LAMAI,La maison d'Asie,43.2600
10833,15/01/1998 00:00:00,OTTIK,Ottilies Käseladen,71.4900
10834,15/01/1998 00:00:00,TRADH,Tradição Hipermercados,29.7800
10835,15/01/1998 00:00:00,ALFKI,Alfreds Futterkiste,69.5300
10836,16/01/1998 00:00:00,ERNSH,Ernst Handel,411.8800
10837,16/01/1998 00:00:00,BERGS,Berglunds snabbköp,13.3200
10838,19/01/1998 00:00:00,LINOD,LINO-Delicateses,59.2800
10839,19/01/1998 00:00:00,TRADH,Tradição Hipermercados,35.4300
10840,19/01/1998 00:00:00,LINOD,LINO-Delicateses,2.7100
10841,20/01/1998 00:00:00,SUPRD,Suprêmes délices,424.3000
10842,20/01/1998 00:00:00,TORTU,Tortuga Restaurante,54.4200
10843,21/01/1998 00:00:00,VICTE,Victuailles en stock,9.2600
10844,21/01/1998 00:00:00,PICCO,Piccolo und mehr,25.2200
10845,21/01/1998 00:00:00,QUICK,QUICK-Stop,212.9800
10846,22/01/1998 00:00:00,SUPRD,Suprêmes délices,56.4600
10847,22/01/1998 00:00:00,SAVEA,Save-a-lot Markets,487.5700
10848,23/01/1998 00:00:00,CONSH,Consolidated Holdings,38.2400
10849,23/01/1998 00:00:00,KOENE,Königlich Essen,0.5600
10850,23/01/1998 00:00:00,VICTE,Victuailles en stock,49.1900
10851,26/01/1998 00:00:00,RICAR,Ricardo Adocicados,160.5500
10852,26/01/1998 00:00:00,RATTC,Rattlesnake Canyon Grocery,174.0500
10853,27/01/1998 00:00:00,BLAUS,Blauer See Delikatessen,53.8300
10854,27/01/1998 00:00:00,ERNSH,Ernst Handel,100.2200
10855,27/01/1998 00:00:00,OLDWO,Old World Delicatessen,170.9700
10856,28/01/1998 00:00:00,ANTON,Antonio Moreno Taquería,58.4300
10857,28/01/1998 00:00:00,BERGS,Berglunds snabbköp,188.8500
10858,29/01/1998 00:00:00,LACOR,La corne d'abondance,52.5100
10859,29/01/1998 00:00:00,FRANK,Frankenversand,76.1000
10860,29/01/1998 00:00:00,FRANR,France restauration,19.2600
10861,30/01/1998 00:00:00,WHITC,White Clover Markets,14.9300
10862,30/01/1998 00:00:00,LEHMS,Lehmanns Marktstand,53.2300
10863,02/02/1998 00:00:00,HILAA,HILARIÓN-Abastos,30.2600
10864,02/02/1998 00:00:00,AROUT,Around the Horn,3.0400
10865,02/02/1998 00:00:00,QUICK,QUICK-Stop,348.1400
10866,03/02/1998 00:00:00,BERGS,Berglunds snabbköp,109.1100
10867,03/02/1998 00:00:00,LONEP,Lonesome Pine Restaurant,1.9300
10868,04/02/1998 00:00:00,QUEEN,Queen Cozinha,191.2700
10869,04/02/1998 00:00:00,SEVES,Seven Seas Imports,143.2800
10870,04/02/1998 00:00:00,WOLZA,Wolski Zajazd,12.0400
10871,05/02/1998 00:00:00,BONAP,Bon app',112.2700
10872,05/02/1998 00:00:00,GODOS,Godos Cocina Típica,175.3200
10873,06/02/1998 00:00:00,WILMK,Wilman Kala,0.8200
10874,06/02/1998 00:00:00,GODOS,Godos Cocina Típica,19.5800
10875,06/02/1998 00:00:00,BERGS,Berglunds snabbköp,32.3700
10876,09/02/1998 00:00:00,BONAP,Bon app',60.4200
10877,09/02/1998 00:00:00,RICAR,Ricardo Adocicados,38.0600
10878,10/02/1998 00:00:00,QUICK,QUICK-Stop,46.6900
10879,10/02/1998 00:00:00,WILMK,Wilman Kala,8.5000
10880,10/02/1998 00:00:00,FOLKO,Folk och fä HB,88.0100
10881,11/02/1998 00:00:00,CACTU,Cactus Comidas para llevar,2.8400
10882,11/02/1998 00:00:00,SAVEA,Save-a-lot Markets,23.1000
10883,12/02/1998 00:00:00,LONEP,Lonesome Pine Restaurant,0.5300
10884,12/02/1998 00:00:00,LETSS,Let's Stop N Shop,90.9700
10885,12/02/1998 00:00:00,SUPRD,Suprêmes délices,5.6400
10886,13/02/1998 00:00:00,HANAR,Hanari Carnes,4.9900
10887,13/02/1998 00:00:00,GALED,Galería del gastronómo,1.2500
10888,16/02/1998 00:00:00,GODOS,Godos Cocina Típica,51.8700
10889,16/02/1998 00:00:00,RATTC,Rattlesnake Canyon Grocery,280.6100
10890,16/02/1998 00:00:00,DUMON,Du monde entier,32.7600
10891,17/02/1998 00:00:00,LEHMS,Lehmanns Marktstand,20.3700
10892,17/02/1998 00:00:00,MAISD,Maison Dewey,120.2700
10893,18/02/1998 00:00:00,KOENE,Königlich Essen,77.7800
10894,18/02/1998 00:00:00,SAVEA,Save-a-lot Markets,116.1300
10895,18/02/1998 00:00:00,ERNSH,Ernst Handel,162.7500
10896,19/02/1998 00:00:00,MAISD,Maison Dewey,32.4500
10897,19/02/1998 00:00:00,HUNGO,Hungry Owl All-Night Grocers,603.5400
10898,20/02/1998 00:00:00,OCEAN,Océano Atlántico Ltda.,1.2700
10899,20/02/1998 00:00:00,LILAS,LILA-Supermercado,1.2100
10900,20/02/1998 00:00:00,WELLI,Wellington Importadora,1.6600
10901,23/02/1998 00:00:00,HILAA,HILARIÓN-Abastos,62.0900
10902,23/02/1998 00:00:00,FOLKO,Folk och fä HB,44.1500
10903,24/02/1998 00:00:00,HANAR,Hanari Carnes,36.7100
10904,24/02/1998 00:00:00,WHITC,White Clover Markets,162.9500
10905,24/02/1998 00:00:00,WELLI,Wellington Importadora,13.7200
10906,25/02/1998 00:00:00,WOLZA,Wolski Zajazd,26.2900
10907,25/02/1998 00:00:00,SPECD,Spécialités du monde,9.1900
10908,26/02/1998 00:00:00,REGGC,Reggiani Caseifici,32.9600
10909,26/02/1998 00:00:00,SANTG,Santé Gourmet,53.0500
10910,26/02/1998 00:00:00,WILMK,Wilman Kala,38.1100
10911,26/02/1998 00:00:00,GODOS,Godos Cocina Típica,38.1900
10912,26/02/1998 00:00:00,HUNGO,Hungry Owl All-Night Grocers,580.9100
10913,26/02/1998 00:00:00,QUEEN,Queen Cozinha,33.0500
10914,27/02/1998 00:00:00,QUEEN,Queen Cozinha,21.1900
10915,27/02/1998 00:00:00,TORTU,Tortuga Restaurante,3.5100
10916,27/02/1998 00:00:00,RANCH,Rancho grande,63.7700
10917,02/03/1998 00:00:00,ROMEY,Romero y tomillo,8.2900
10918,02/03/1998 00:00:00,BOTTM,Bottom-Dollar Markets,48.8300
10919,02/03/1998 00:00:00,LINOD,LINO-Delicateses,19.8000
10920,03/03/1998 00:00:00,AROUT,Around the Horn,29.6100
10921,03/03/1998 00:00:00,VAFFE,Vaffeljernet,176.4800
10922,03/03/1998 00:00:00,HANAR,Hanari Carnes,62.7400
10923,03/03/1998 00:00:00,LAMAI,La maison d'Asie,68.2600
10924,04/03/1998 00:00:00,BERGS,Berglunds snabbköp,151.5200
10925,04/03/1998 00:00:00,HANAR,Hanari Carnes,2.2700
10926,04/03/1998 00:00:00,ANATR,Ana Trujillo Emparedados y helados,39.9200
10927,05/03/1998 00:00:00,LACOR,La corne d'abondance,19.7900
10928,05/03/1998 00:00:00,GALED,Galería del gastronómo,1.3600
10929,05/03/1998 00:00:00,FRANK,Frankenversand,33.9300
10930,06/03/1998 00:00:00,SUPRD,Suprêmes délices,15.5500
10931,06/03/1998 00:00:00,RICSU,Richter Supermarkt,13.6000
10932,06/03/1998 00:00:00,BONAP,Bon app',134.6400
10933,06/03/1998 00:00:00,ISLAT,Island Trading,54.1500
10934,09/03/1998 00:00:00,LEHMS,Lehmanns Marktstand,32.0100
10935,09/03/1998 00:00:00,WELLI,Wellington Importadora,47.5900
10936,09/03/1998 00:00:00,GREAL,Great Lakes Food Market,33.6800
10937,10/03/1998 00:00:00,CACTU,Cactus Comidas para llevar,31.5100
10938,10/03/1998 00:00:00,QUICK,QUICK-Stop,31.8900
10939,10/03/1998 00:00:00,MAGAA,Magazzini Alimentari Riuniti,76.3300
10940,11/03/1998 00:00:00,BONAP,Bon app',19.7700
10941,11/03/1998 00:00:00,SAVEA,Save-a-lot Markets,400.8100
10942,11/03/1998 00:00:00,REGGC,Reggiani Caseifici,17.9500
10943,11/03/1998 00:00:00,BSBEV,B's Beverages,2.1700
10944,12/03/1998 00:00:00,BOTTM,Bottom-Dollar Markets,52.9200
10945,12/03/1998 00:00:00,MORGK,Morgenstern Gesundkost,10.2200
10946,12/03/1998 00:00:00,VAFFE,Vaffeljernet,27.2000
10947,13/03/1998 00:00:00,BSBEV,B's Beverages,3.2600
10948,13/03/1998 00:00:00,GODOS,Godos Cocina Típica,23.3900
10949,13/03/1998 00:00:00,BOTTM,Bottom-Dollar Markets,74.4400
10950,16/03/1998 00:00:00,MAGAA,Magazzini Alimentari Riuniti,2.5000
10951,16/03/1998 00:00:00,RICSU,Richter Supermarkt,30.8500
10952,16/03/1998 00:00:00,ALFKI,Alfreds Futterkiste,40.4200
10953,16/03/1998 00:00:00,AROUT,Around the Horn,23.7200
10954,17/03/1998 00:00:00,LINOD,LINO-Delicateses,27.9100
10955,17/03/1998 00:00:00,FOLKO,Folk och fä HB,3.2600
10956,17/03/1998 00:00:00,BLAUS,Blauer See Delikatessen,44.6500
10957,18/03/1998 00:00:00,HILAA,HILARIÓN-Abastos,105.3600
10958,18/03/1998 00:00:00,OCEAN,Océano Atlántico Ltda.,49.5600
10959,18/03/1998 00:00:00,GOURL,Gourmet Lanchonetes,4.9800
10960,19/03/1998 00:00:00,HILAA,HILARIÓN-Abastos,2.0800
10961,19/03/1998 00:00:00,QUEEN,Queen Cozinha,104.4700
10962,19/03/1998 00:00:00,QUICK,QUICK-Stop,275.7900
10963,19/03/1998 00:00:00,FURIB,Furia Bacalhau e Frutos do Mar,2.7000
10964,20/03/1998 00:00:00,SPECD,Spécialités du monde,87.3800
10965,20/03/1998 00:00:00,OLDWO,Old World Delicatessen,144.3800
10966,20/03/1998 00:00:00,CHOPS,Chop-suey Chinese,27.1900
10967,23/03/1998 00:00:00,TOMSP,Toms Spezialitäten,62.2200
10968,23/03/1998 00:00:00,ERNSH,Ernst Handel,74.6000
10969,23/03/1998 00:00:00,COMMI,Comércio Mineiro,0.2100
10970,24/03/1998 00:00:00,BOLID,Bólido Comidas preparadas,16.1600
10971,24/03/1998 00:00:00,FRANR,France restauration,121.8200
10972,24/03/1998 00:00:00,LACOR,La corne d'abondance,0.0200
10973,24/03/1998 00:00:00,LACOR,La corne d'abondance,15.1700
10974,25/03/1998 00:00:00,SPLIR,Split Rail Beer & Ale,12.9600
10975,25/03/1998 00:00:00,BOTTM,Bottom-Dollar Markets,32.2700
10976,25/03/1998 00:00:00,HILAA,HILARIÓN-Abastos,37.9700
10977,26/03/1998 00:00:00,FOLKO,Folk och fä HB,208.5000
10978,26/03/1998 00:00:00,MAISD,Maison Dewey,32.8200
10979,26/03/1998 00:00:00,ERNSH,Ernst Handel,353.0700
10980,27/03/1998 00:00:00,FOLKO,Folk och fä HB,1.2600
10981,27/03/1998 00:00:00,HANAR,Hanari Carnes,193.3700
10982,27/03/1998 00:00:00,BOTTM,Bottom-Dollar Markets,14.0100
10983,27/03/1998 00:00:00,SAVEA,Save-a-lot Markets,657.5400
10984,30/03/1998 00:00:00,SAVEA,Save-a-lot Markets,211.2200
10985,30/03/1998 00:00:00,HUNGO,Hungry Owl All-Night Grocers,91.5100
10986,30/03/1998 00:00:00,OCEAN,Océano Atlántico Ltda.,217.8600
10987,31/03/1998 00:00:00,EASTC,Eastern Connection,185.4800
10988,31/03/1998 00:00:00,RATTC,Rattlesnake Canyon Grocery,61.1400
10989,31/03/1998 00:00:00,QUEDE,Que Delícia,34.7600
10990,01/04/1998 00:00:00,ERNSH,Ernst Handel,117.6100
10991,01/04/1998 00:00:00,QUICK,QUICK-Stop,38.5100
10992,01/04/1998 00:00:00,THEBI,The Big Cheese,4.2700
10993,01/04/1998 00:00:00,FOLKO,Folk och fä HB,8.8100
10994,02/04/1998 00:00:00,VAFFE,Vaffeljernet,65.5300
10995,02/04/1998 00:00:00,PERIC,Pericles Comidas clásicas,46.0000
10996,02/04/1998 00:00:00,QUICK,QUICK-Stop,1.1200
10997,03/04/1998 00:00:00,LILAS,LILA-Supermercado,73.9100
10998,03/04/1998 00:00:00,WOLZA,Wolski Zajazd,20.3100
10999,03/04/1998 00:00:00,OTTIK,Ottilies Käseladen,96.3500
11000,06/04/1998 00:00:00,RATTC,Rattlesnake Canyon Grocery,55.1200
11001,06/04/1998 00:00:00,FOLKO,Folk och fä HB,197.3000
11002,06/04/1998 00:00:00,SAVEA,Save-a-lot Markets,141.1600
11003,06/04/1998 00:00:00,THECR,The Cracker Box,14.9100
11004,07/04/1998 00:00:00,MAISD,Maison Dewey,44.8400
11005,07/04/1998 00:00:00,WILMK,Wilman Kala,0.7500
11006,07/04/1998 00:00:00,GREAL,Great Lakes Food Market,25.1900
11007,08/04/1998 00:00:00,PRINI,Princesa Isabel Vinhos,202.2400
11008,08/04/1998 00:00:00,ERNSH,Ernst Handel,79.4600
11009,08/04/1998 00:00:00,GODOS,Godos Cocina Típica,59.1100
11010,09/04/1998 00:00:00,REGGC,Reggiani Caseifici,28.7100
11011,09/04/1998 00:00:00,ALFKI,Alfreds Futterkiste,1.2100
11012,09/04/1998 00:00:00,FRANK,Frankenversand,242.9500
11013,09/04/1998 00:00:00,ROMEY,Romero y tomillo,32.9900
11014,10/04/1998 00:00:00,LINOD,LINO-Delicateses,23.6000
11015,10/04/1998 00:00:00,SANTG,Santé Gourmet,4.6200
11016,10/04/1998 00:00:00,AROUT,Around the Horn,33.8000
11017,13/04/1998 00:00:00,ERNSH,Ernst Handel,754.2600
11018,13/04/1998 00:00:00,LONEP,Lonesome Pine Restaurant,11.6500
11019,13/04/1998 00:00:00,RANCH,Rancho grande,3.1700
11020,14/04/1998 00:00:00,OTTIK,Ottilies Käseladen,43.3000
11021,14/04/1998 00:00:00,QUICK,QUICK-Stop,297.1800
11022,14/04/1998 00:00:00,HANAR,Hanari Carnes,6.2700
11023,14/04/1998 00:00:00,BSBEV,B's Beverages,123.8300
11024,15/04/1998 00:00:00,EASTC,Eastern Connection,74.3600
11025,15/04/1998 00:00:00,WARTH,Wartian Herkku,29.1700
11026,15/04/1998 00:00:00,FRANS,Franchi S.p.A.,47.0900
11027,16/04/1998 00:00:00,BOTTM,Bottom-Dollar Markets,52.5200
11028,16/04/1998 00:00:00,KOENE,Königlich Essen,29.5900
11029,16/04/1998 00:00:00,CHOPS,Chop-suey Chinese,47.8400
11030,17/04/1998 00:00:00,SAVEA,Save-a-lot Markets,830.7500
11031,17/04/1998 00:00:00,SAVEA,Save-a-lot Markets,227.2200
11032,17/04/1998 00:00:00,WHITC,White Clover Markets,606.1900
11033,17/04/1998 00:00:00,RICSU,Richter Supermarkt,84.7400
11034,20/04/1998 00:00:00,OLDWO,Old World Delicatessen,40.3200
11035,20/04/1998 00:00:00,SUPRD,Suprêmes délices,0.1700
11036,20/04/1998 00:00:00,DRACD,Drachenblut Delikatessen,149.4700
11037,21/04/1998 00:00:00,GODOS,Godos Cocina Típica,3.2000
11038,21/04/1998 00:00:00,SUPRD,Suprêmes délices,29.5900
11039,21/04/1998 00:00:00,LINOD,LINO-Delicateses,65.0000
11040,22/04/1998 00:00:00,GREAL,Great Lakes Food Market,18.8400
11041,22/04/1998 00:00:00,CHOPS,Chop-suey Chinese,48.2200
11042,22/04/1998 00:00:00,COMMI,Comércio Mineiro,29.9900
11043,22/04/1998 00:00:00,SPECD,Spécialités du monde,8.8000
11044,23/04/1998 00:00:00,WOLZA,Wolski Zajazd,8.7200
11045,23/04/1998 00:00:00,BOTTM,Bottom-Dollar Markets,70.5800
11046,23/04/1998 00:00:00,WANDK,Die Wandernde Kuh,71.6400
11047,24/04/1998 00:00:00,EASTC,Eastern Connection,46.6200
11048,24/04/1998 00:00:00,BOTTM,Bottom-Dollar Markets,24.1200
11049,24/04/1998 00:00:00,GOURL,Gourmet Lanchonetes,8.3400
11050,27/04/1998 00:00:00,FOLKO,Folk och fä HB,59.4100
11051,27/04/1998 00:00:00,LAMAI,La maison d'Asie,2.7900
11052,27/04/1998 00:00:00,HANAR,Hanari Carnes,67.2600
11053,27/04/1998 00:00:00,PICCO,Piccolo und mehr,53.0500
11054,28/04/1998 00:00:00,CACTU,Cactus Comidas para llevar,0.3300
11055,28/04/1998 00:00:00,HILAA,HILARIÓN-Abastos,120.9200
11056,28/04/1998 00:00:00,EASTC,Eastern Connection,278.9600
11057,29/04/1998 00:00:00,NORTS,North/South,4.1300
11058,29/04/1998 00:00:00,BLAUS,Blauer See Delikatessen,31.1400
11059,29/04/1998 00:00:00,RICAR,Ricardo Adocicados,85.8000
11060,30/04/1998 00:00:00,FRANS,Franchi S.p.A.,10.9800
11061,30/04/1998 00:00:00,GREAL,Great Lakes Food Market,14.0100
11062,30/04/1998 00:00:00,REGGC,Reggiani Caseifici,29.9300
11063,30/04/1998 00:00:00,HUNGO,Hungry Owl All-Night Grocers,81.7300
11064,01/05/1998 00:00:00,SAVEA,Save-a-lot Markets,30.0900
11065,01/05/1998 00:00:00,LILAS,LILA-Supermercado,12.9100
11066,01/05/1998 00:00:00,WHITC,White Clover Markets,44.7200
11067,04/05/1998 00:00:00,DRACD,Drachenblut Delikatessen,7.9800
11068,04/05/1998 00:00:00,QUEEN,Queen Cozinha,81.7500
11069,04/05/1998 00:00:00,TORTU,Tortuga Restaurante,15.6700
11070,05/05/1998 00:00:00,LEHMS,Lehmanns Marktstand,136.0000
11071,05/05/1998 00:00:00,LILAS,LILA-Supermercado,0.9300
11072,05/05/1998 00:00:00,ERNSH,Ernst Handel,258.6400
11073,05/05/1998 00:00:00,PERIC,Pericles Comidas clásicas,24.9500
11074,06/05/1998 00:00:00,SIMOB,Simons bistro,18.4400
11075,06/05/1998 00:00:00,RICSU,Richter Supermarkt,6.1900
11076,06/05/1998 00:00:00,BONAP,Bon app',38.2800
11077,06/05/1998 00:00:00,RATTC,Rattlesnake Canyon Grocery,8.5300
